INSERT INTO department (name)
VALUES
    ('Office'),
    ('Kitchen'),
    ('FoH');

INSERT INTO job (title, department_id)
VALUES 
    ('Manager', 1),
    ('Line Cook', 2),
    ('Prep Cook', 2),
    ('Expo', 2),
    ('Host', 3),
    ('Server', 3),
    ('Bartender', 3);


INSERT INTO employee (id, email, password, first_name, last_name, job_id)
VALUES
    (101, 'tammy@work.com', 'awesomepassword', 'Tammy', 'Reacher', 1),
    (201, 'kenneth@gmail.com', 'password', 'Kenneth', 'Jackson', 2),
    (202, 'tarah@gmail.com', 'legitpassword', 'Tarah', 'Blackburn', 2),
    (203, 'dhumphrey@gmail.com', 'password423', 'Dulcie', 'Humphrey', 2),
    (204, 'suzanne@gmail.com', 'passpassword12', 'Suzanne', 'Short', 2),
    (301, 'lshine@gmail.com', 'legitpassword123', 'Lauren', 'Shine', 3),
    (302, 'burgess@gmail.com', 'password123!', 'Kayla', 'Burgess', 3),
    (401, 'harland@email.com', 'passwordy12', 'Greer', 'Harland', 4),
    (501, 'awebb@gmail.com', 'password12!', 'Averill', 'Webb', 5),
    (502, 'hope@email.com', 'passwordthatisawesome', 'Reese', 'Hope', 5),
    (601, 'blakely@email.com', 'password123', 'Blakely', 'Livingston', 6),
    (602, 'rylee@mail.com', 'totallylegitpassword', 'Rylee', 'Evelyn', 6),
    (603, 'jeff@email.com', 'guessthis', 'Jeff', 'Downer', 6),
    (604, 'beckett@gmail.com', 'guessthisyoushallnot', 'Artie', 'Becket', 6),
    (605, 'jewell@email.com', 'psstthispasswordrocks', 'Jewell', 'Hooper', 6),
    (701, 'harford@gmail.com', 'guinnessworldrecordforbestpassword', 'Bellamy', 'Harford', 7),
    (702, 'sam@email.com', 'notthatlong', 'Sammy', 'Adam', 7);

INSERT INTO monday (is_available, start_time, end_time, employee_id)
VALUES
    (1, "10:00:00", "22:00:00", 101),
    (1, '10:00:00', '16:00:00', 201),
    (1, '16:00:00', '22:00:00', 202),
    (1, '10:00:00', '22:00:00', 203),
    (0, null, null, 204),
    (1, '10:00:00', '16:00:00', 301),
    (0, null, null, 302),
    (1, '16:00:00', '22:00:00', 401),
    (1, '16:00:00', '22:00:00', 501),
    (0, null, null, 502),
    (1, '10:00:00', '16:00:00', 601),
    (1, '10:00:00', '22:00:00', 602),
    (0, null, null, 603),
    (1, '16:00:00', '22:00:00', 604),
    (1, '16:00:00', '22:00:00', 605),
    (1, '10:00:00', '16:00:00', 701),
    (1, '16:00:00', '22:00:00', 702);

INSERT INTO tuesday (is_available, start_time, end_time, employee_id)
VALUES
    (1, "10:00:00", "22:00:00", 101),
    (1, '10:00:00', '16:00:00', 201),
    (1, '16:00:00', '22:00:00', 202),
    (1, '10:00:00', '22:00:00', 203),
    (0, null, null, 204),
    (1, '10:00:00', '16:00:00', 301),
    (0, null, null, 302),
    (1, '16:00:00', '22:00:00', 401),
    (1, '16:00:00', '22:00:00', 501),
    (0, null, null, 502),
    (1, '10:00:00', '16:00:00', 601),
    (1, '10:00:00', '22:00:00', 602),
    (0, null, null, 603),
    (1, '16:00:00', '22:00:00', 604),
    (1, '16:00:00', '22:00:00', 605),
    (1, '10:00:00', '16:00:00', 701),
    (1, '16:00:00', '22:00:00', 702);

INSERT INTO wednesday (is_available, start_time, end_time, employee_id)
VALUES
    (1, "10:00:00", "22:00:00", 101),
    (1, '10:00:00', '16:00:00', 201),
    (1, '16:00:00', '22:00:00', 202),
    (1, '10:00:00', '22:00:00', 203),
    (0, null, null, 204),
    (1, '10:00:00', '16:00:00', 301),
    (0, null, null, 302),
    (1, '16:00:00', '22:00:00', 401),
    (1, '16:00:00', '22:00:00', 501),
    (0, null, null, 502),
    (1, '10:00:00', '16:00:00', 601),
    (1, '10:00:00', '22:00:00', 602),
    (0, null, null, 603),
    (1, '16:00:00', '22:00:00', 604),
    (1, '16:00:00', '22:00:00', 605),
    (1, '10:00:00', '16:00:00', 701),
    (1, '16:00:00', '22:00:00', 702);

INSERT INTO thursday (is_available, start_time, end_time, employee_id)
VALUES
    (1, "10:00:00", "22:00:00", 101),
    (1, '10:00:00', '16:00:00', 201),
    (1, '16:00:00', '22:00:00', 202),
    (1, '10:00:00', '22:00:00', 203),
    (0, null, null, 204),
    (1, '10:00:00', '16:00:00', 301),
    (0, null, null, 302),
    (1, '16:00:00', '22:00:00', 401),
    (1, '16:00:00', '22:00:00', 501),
    (0, null, null, 502),
    (1, '10:00:00', '16:00:00', 601),
    (1, '10:00:00', '22:00:00', 602),
    (0, null, null, 603),
    (1, '16:00:00', '22:00:00', 604),
    (1, '16:00:00', '22:00:00', 605),
    (1, '10:00:00', '16:00:00', 701),
    (1, '16:00:00', '22:00:00', 702);

INSERT INTO friday (is_available, start_time, end_time, employee_id)
VALUES
    (1, "10:00:00", "22:00:00", 101),
    (1, '10:00:00', '16:00:00', 201),
    (1, '16:00:00', '22:00:00', 202),
    (1, '10:00:00', '22:00:00', 203),
    (0, null, null, 204),
    (1, '10:00:00', '16:00:00', 301),
    (0, null, null, 302),
    (1, '16:00:00', '22:00:00', 401),
    (1, '16:00:00', '22:00:00', 501),
    (0, null, null, 502),
    (1, '10:00:00', '16:00:00', 601),
    (1, '10:00:00', '22:00:00', 602),
    (0, null, null, 603),
    (1, '16:00:00', '22:00:00', 604),
    (1, '16:00:00', '22:00:00', 605),
    (1, '10:00:00', '16:00:00', 701),
    (1, '16:00:00', '22:00:00', 702);

INSERT INTO saturday (is_available, start_time, end_time, employee_id)
VALUES
    (1, "10:00:00", "22:00:00", 101),
    (1, '10:00:00', '16:00:00', 201),
    (1, '16:00:00', '22:00:00', 202),
    (1, '10:00:00', '22:00:00', 203),
    (0, null, null, 204),
    (1, '10:00:00', '16:00:00', 301),
    (0, null, null, 302),
    (1, '16:00:00', '22:00:00', 401),
    (1, '16:00:00', '22:00:00', 501),
    (0, null, null, 502),
    (1, '10:00:00', '16:00:00', 601),
    (1, '10:00:00', '22:00:00', 602),
    (0, null, null, 603),
    (1, '16:00:00', '22:00:00', 604),
    (1, '16:00:00', '22:00:00', 605),
    (1, '10:00:00', '16:00:00', 701),
    (1, '16:00:00', '22:00:00', 702);

INSERT INTO sunday (is_available, start_time, end_time, employee_id)
VALUES
    (1, "10:00:00", "22:00:00", 101),
    (1, '10:00:00', '16:00:00', 201),
    (1, '16:00:00', '22:00:00', 202),
    (1, '10:00:00', '22:00:00', 203),
    (0, null, null, 204),
    (1, '10:00:00', '16:00:00', 301),
    (0, null, null, 302),
    (1, '16:00:00', '22:00:00', 401),
    (1, '16:00:00', '22:00:00', 501),
    (0, null, null, 502),
    (1, '10:00:00', '16:00:00', 601),
    (1, '10:00:00', '22:00:00', 602),
    (0, null, null, 603),
    (1, '16:00:00', '22:00:00', 604),
    (1, '16:00:00', '22:00:00', 605),
    (1, '10:00:00', '16:00:00', 701),
    (1, '16:00:00', '22:00:00', 702);